x_vals,y_tot,y_net,m_vals,y_err
0.3050000071525574,0.019324474036693573,-3267553.8989449437,0.0,1633776.9591347089
0.3149999976158142,0.018140641506761312,-2885548.3599247546,0.0,1442774.189032698
0.32500000298023224,0.01493930071592331,-2571337.5265658707,0.0,1285668.7707525855
0.33500000834465027,0.022159605287015438,-2329276.3595287655,0.0,1164638.1908441854
0.3449999988079071,0.011459035333245993,-2149574.039421114,0.0,1074787.0254400747
0.35500000417232513,0.014568631304427981,-2011868.2213852778,0.0,1005934.1179769546
0.36500000953674316,0.01398179866373539,-1894478.6008253226,0.0,947239.3074035606
0.375,0.010126705979928374,-1783258.5293832829,0.0,891629.2697549944
0.38499999046325684,0.018020474119111896,-1675796.057100458,0.0,837898.0375604661
0.39499999582767487,0.006380318431183696,-1579024.950021947,0.0,789512.4782011327
0.4050000011920929,0.013991909800097346,-1503436.601567683,0.0,751718.3077797965
0.41499999165534973,0.02271188679151237,-1456599.6836832303,0.0,728299.8531975586
0.42499999701976776,0.0176653356757015,-1440183.2063553014,0.0,720091.6120103186
0.4350000023841858,0.011430586222559214,-1451461.6949779217,0.0,725730.853204254
0.4449999928474426,0.013856622856110334,-1486758.8569881516,0.0,743379.4354223872
0.45499999821186066,0.01344509911723435,-1543819.2262151393,0.0,771909.6198301192
0.4650000035762787,0.010457085678353906,-1621573.9836698447,0.0,810786.9970634651
0.4749999940395355,0.022948065539821982,-1718659.1193199106,0.0,859329.5711339881
0.48499999940395355,0.011238205479457974,-1832775.3960935245,0.0,916387.703665865
0.4950000047683716,0.00491615803912282,-1961996.8915803828,0.0,980998.4482482704
0.5049999952316284,0.0072963060811161995,-2107039.4890011074,0.0,1053519.7481487067
0.5149999856948853,0.01330198161303997,-2271857.6391968173,0.0,1135928.8262493995
0.5249999761581421,0.008452393114566803,-2460556.9125690022,0.0,1230278.4605106977
0.5349999964237213,0.01087776804342866,-2671018.720543561,0.0,1335509.3657106645
0.5450000166893005,0.016941006761044264,-2889477.5649175723,0.0,1444738.7909292895
0.5550000071525574,0.014508627355098724,-3091935.520077101,0.0,1545967.7672928642
0.5649999976158142,0.010831900406628847,-3256367.4753371477,0.0,1628183.743084524
0.574999988079071,0.00715650524944067,-3380911.82531352,0.0,1690455.9162350127
0.5849999785423279,0.00941736763343215,-3495956.004840868,0.0,1747978.0071291178
0.5949999988079071,0.012739898636937141,-3658509.8102231785,0.0,1829254.9114815386
0.6050000190734863,0.013648342806845903,-3927361.4594583265,0.0,1963680.7365533346
0.6150000095367432,0.02008999790996313,-4330185.640597363,0.0,2165092.8303436805
0.625,0.007667410187423229,-4839531.49203257,0.0,2419765.74984999
0.6349999904632568,0.026889058761298656,-5372366.973145559,0.0,2686183.500017309
0.6449999809265137,0.019025545567274094,-5817113.376401859,0.0,2908556.697713702
0.6550000011920929,0.01767347753047943,-6077981.9315694105,0.0,3038990.9746214435
0.6650000214576721,0.02046890463680029,-6115830.734304111,0.0,3057915.377386508
0.675000011920929,0.03226822428405285,-5964192.918883419,0.0,2982096.4755758215
0.6850000023841858,0.03181860875338316,-5711832.125793741,0.0,2855916.078806175
0.6949999928474426,0.035323016345500946,-5461129.472328279,0.0,2730564.7538256478
0.7049999833106995,0.03972398117184639,-5284865.857938856,0.0,2642432.9488314185
0.7150000035762787,0.0354197034612298,-5203221.781638747,0.0,2601610.9085292253
0.7250000238418579,0.043532323092222214,-5190109.822202864,0.0,2595054.9328675936
0.7350000143051147,0.056160693988204,-5200884.808791666,0.0,2600442.43247618
0.7450000047683716,0.045384639874100685,-5203432.1061941795,0.0,2601716.0757894097
0.7549999952316284,0.0476810596883297,-5195334.115108131,0.0,2597667.0813945956
0.7649999856948853,0.06084750313311815,-5200037.206679147,0.0,2600018.6337633245
0.7749999761581421,0.07199106924235821,-5247359.051170172,0.0,2623679.5615806207
0.7849999964237213,0.06066115852445364,-5350059.402123207,0.0,2675029.731392183
0.7950000166893005,0.06989235058426857,-5489311.005951259,0.0,2744655.537921805
0.8050000071525574,0.07724417932331562,-5615966.699541846,0.0,2807983.388393013
0.8149999976158142,0.06359990499913692,-5667142.510937346,0.0,2833571.2872686256
0.824999988079071,0.07179936673492193,-5590727.547444215,0.0,2795363.809621791
0.8349999785423279,0.08849776722490788,-5367788.922274537,0.0,2683894.505386153
0.8449999988079071,0.0870709978044033,-5021122.400246397,0.0,2510561.243658697
0.8550000190734863,0.08567996323108673,-4608703.640714049,0.0,2304351.8631970063
0.8650000095367432,0.09190841298550367,-4202175.652033449,0.0,2101087.871970931
0.875,0.08717703446745872,-3861082.470740992,0.0,1930541.2789590133
0.8849999904632568,0.08334219735115767,-3613142.188186731,0.0,1806571.1357644643
0.8949999809265137,0.10607716394588351,-3448242.456444427,0.0,1724121.2812607954
0.9050000011920929,0.1079645068384707,-3327421.3618189394,0.0,1663710.7348917231
0.9150000214576721,0.11394035909324884,-3202083.446332159,0.0,1601041.780136259
0.925000011920929,0.11497299745678902,-3034307.0742519544,0.0,1517153.5946124757
0.9350000023841858,0.10870810458436608,-2810620.71069922,0.0,1405310.4097036624
0.9449999928474426,0.11866488726809621,-2544313.7752272766,0.0,1272156.946946082
0.9549999833106995,0.11568605713546276,-2267029.7675483553,0.0,1133514.9416172062
0.9650000035762787,0.13114056666381657,-2014753.1544726216,0.0,1007376.6428065941
0.9750000238418579,0.13611847022548318,-1814404.1394370904,0.0,907202.1377777804
0.9850000143051147,0.1283831570763141,-1676300.2555660808,0.0,838150.191974619
0.9950000047683716,0.1625425647944212,-1593816.7019151372,0.0,796908.4322288511
1.0049999952316284,0.1736299858894199,-1548895.383577843,0.0,774447.7786039145
1.0149999856948853,0.15568136586807668,-1520241.1880515334,0.0,760120.6718664498
1.024999976158142,0.1861860635690391,-1490418.8721161492,0.0,745209.5291511064
1.034999966621399,0.17997692432254553,-1450322.311226897,0.0,725161.2456019107
1.0449999570846558,0.18154852371662855,-1399474.5347412177,0.0,699737.3581448707
1.0549999475479126,0.17772702360525727,-1343324.8654521313,0.0,671662.5215895775
1.0649999976158142,0.18620484042912722,-1289170.107057524,0.0,644585.1466311823
1.0750000476837158,0.20073148631490767,-1242522.1815863308,0.0,621261.1911589087
1.0850000381469727,0.2204803149215877,-1205158.3228346668,0.0,602579.271657491
1.0950000286102295,0.2075273331720382,-1175217.7368058106,0.0,587608.972166572
1.1050000190734863,0.21129052969627082,-1148499.764151885,0.0,574249.9877212076
1.1150000095367432,0.23083887924440205,-1120565.01936999,0.0,560282.6251044348
1.125,0.2188057836610824,-1088128.780933674,0.0,544064.499869729
1.1349999904632568,0.23227677145041525,-1049943.7151993588,0.0,524971.9737380653
1.1449999809265137,0.24048575363121927,-1006663.8376816127,0.0,503332.03908368334
1.1549999713897705,0.22493137849960476,-960198.5239535314,0.0,480099.3744424551
1.1649999618530273,0.25836752669420093,-912883.8629450196,0.0,456442.06065627333
1.1749999523162842,0.26804719923529774,-866813.8130394571,0.0,433407.04054332833
1.1850000023841858,0.277730961330235,-823491.7128697755,0.0,411745.9953003686
1.1950000524520874,0.27198500046506524,-783796.6814331095,0.0,391898.4767090552
1.2050000429153442,0.2875841208733618,-748150.8694329727,0.0,374075.5785085471
1.215000033378601,0.27094585460145026,-716741.186511334,0.0,358370.72872859455
1.225000023841858,0.2887600949034095,-689667.2803001427,0.0,344833.78453011904
1.2350000143051147,0.27662206534296274,-667109.3510683418,0.0,333554.81384520384
1.2450000047683716,0.2849518699804321,-649368.8240351162,0.0,324684.55449349346
1.2549999952316284,0.2859999736538157,-636874.5527597974,0.0,318437.41937988583
1.2649999856948853,0.27979300497099757,-630136.7753693719,0.0,315068.5275811887
1.274999976158142,0.28667709697037935,-629552.08319715,0.0,314776.18493712385
1.284999966621399,0.2841264586895704,-635154.7286400882,0.0,317577.50638327375
1.2949999570846558,0.30402463453356177,-646284.4863982861,0.0,323142.39521146065
1.3049999475479126,0.28700069163460284,-661287.303350496,0.0,330643.79517559416
1.3149999976158142,0.27868121839128435,-677440.7292212424,0.0,338720.50395123067
1.3250000476837158,0.29777613980695605,-691235.0450008117,0.0,345617.6713884761
1.3350000381469727,0.30097274691797793,-699000.3031590726,0.0,349500.30206591013
1.3450000286102295,0.3091864848975092,-697775.918175087,0.0,348888.11368078634
1.3550000190734863,0.2857763791689649,-686105.5080983286,0.0,343052.8969373542
1.3650000095367432,0.31261558400001377,-664453.930560967,0.0,332227.1215882758
1.375,0.3372211882378906,-635079.1894629465,0.0,317539.7633420678
1.3849999904632568,0.31312960758805275,-601390.0649502415,0.0,300695.1890399249
1.3949999809265137,0.3362090931041166,-567045.2132623465,0.0,283522.7747357202
1.4049999713897705,0.296481141471304,-535117.0788874042,0.0,267558.68768427323
1.4149999618530273,0.3159171346342191,-507581.27775519044,0.0,253790.796836163
1.4249999523162842,0.2983277785824612,-485211.2797202935,0.0,242605.78902403644
1.4350000023841858,0.31552325835218653,-467808.3617678788,0.0,233904.33864556905
1.4450000524520874,0.3163695668336004,-454588.5259107307,0.0,227294.42114014926
1.4550000429153442,0.32570672704605386,-444566.5025105745,0.0,222283.41410865125
1.465000033378601,0.3209611956262961,-436826.9535139204,0.0,218413.63723755852
1.475000023841858,0.28745245473692194,-430659.447859687,0.0,215329.86765607135
1.4850000143051147,0.326681618578732,-425579.3436849469,0.0,212789.83518328329
1.4950000047683716,0.32036604289896786,-421286.94227696385,0.0,210643.63132150393
1.5049999952316284,0.3326726480736397,-417602.9250420377,0.0,208801.62885734343
1.5149999856948853,0.30441110738320276,-414403.112601254,0.0,207201.7085061812
1.524999976158142,0.346488474518992,-411581.13218719116,0.0,205790.73933783342
1.534999966621399,0.3358713774359785,-409020.5937620565,0.0,204510.46481671755
1.5449999570846558,0.32685856841271743,-406580.8855795546,0.0,203290.6062190621
1.5549999475479126,0.31646131159504876,-404106.0676703544,0.0,202053.19206583354
1.5649999976158142,0.32258723612176254,-401428.32767821866,0.0,200714.32513272797
1.5750000476837158,0.2951888866373338,-398400.8832985742,0.0,199200.58924373097
1.5850000381469727,0.3329896363429725,-394922.7403190534,0.0,197461.5366543455
1.5950000286102295,0.3267252678051591,-390961.83117484313,0.0,195481.07895005608
1.6050000190734863,0.3031054880702868,-386565.6514005634,0.0,193282.97725302636
1.6150000095367432,0.32600610435474664,-381850.6648242483,0.0,190925.49541517696
1.625,0.3536174718174152,-376972.7433461193,0.0,188486.54848179626
1.6349999904632568,0.3273063491214998,-372087.78212796594,0.0,186044.05471715817
1.6449999809265137,0.3358626991393976,-367319.5301665481,0.0,183659.9330146243
1.6549999713897705,0.32446280744625255,-362741.3882987046,0.0,181370.85638075668
1.6649999618530273,0.3353995378129184,-358377.1020057206,0.0,179188.71870262985
1.6749999523162842,0.3020766217377968,-354217.67452402646,0.0,177108.98830032474
1.6850000023841858,0.31771324411965907,-350237.3779263507,0.0,175118.84781979807
1.6950000524520874,0.3352247556322254,-346434.2838463462,0.0,173217.3095355516
1.7050000429153442,0.31987185444450006,-342812.13010738336,0.0,171406.22498961957
1.715000033378601,0.30964954011142254,-339386.1215000401,0.0,169693.21557479075
1.725000023841858,0.3199991718865931,-336198.3131326558,0.0,168099.31656591452
1.7350000143051147,0.32069157279329374,-333304.31465151266,0.0,166652.3176715434
1.7450000047683716,0.34538705757586285,-330768.010725339,0.0,165384.17805619902
1.7549999952316284,0.3037090739235282,-328655.69795954647,0.0,164328.00083431083
1.7649999856948853,0.3196171273593791,-327028.8397789622,0.0,163514.57969804548
1.774999976158142,0.31671292788814753,-325933.19195897743,0.0,162966.75433595333
1.784999966621399,0.29496951831970364,-325381.9121966569,0.0,162691.10358308823
1.7949999570846558,0.3300696271471679,-325332.6311057173,0.0,162666.48058767294
1.8049999475479126,0.3453669422888197,-325667.629766201,0.0,162833.9875665724
1.8149999976158142,0.3072864240966737,-326187.2222852134,0.0,163093.76478581943
1.8250000476837158,0.3039557368028909,-326593.0960822968,0.0,163296.7000190175
1.8350000381469727,0.29138499818509445,-326535.95162093017,0.0,163268.12150296484
1.8450000286102295,0.2801047515240498,-325676.6556672092,0.0,162838.467885981
1.8550000190734863,0.28295889572473243,-323753.3715048442,0.0,161876.82723187064
1.8650000095367432,0.26903816062258556,-320654.73381990683,0.0,160327.50142903437
1.875,0.2882823764812201,-316460.8487008049,0.0,158230.56849159143
1.8849999904632568,0.2983852705801837,-311434.2455131963,0.0,155717.2719492342
1.8949999809265137,0.2834121452178806,-305957.3773144844,0.0,152978.83036331556
1.9049999713897705,0.2698796567856334,-300439.57671133254,0.0,150219.92329549542
1.9149999618530273,0.2827837290824391,-295229.42950460425,0.0,147614.85614416745
1.9249999523162842,0.2729828846058808,-290557.72990171326,0.0,145279.0014422997
1.9350000023841858,0.2827049032202922,-286524.5548823232,0.0,143262.41879361402
1.9450000524520874,0.2748194578452967,-283119.5950022868,0.0,141559.93491087313
1.9550000429153442,0.2559971784357913,-280260.5661063275,0.0,140130.41105175373
1.965000033378601,0.27369652374181896,-277833.2114966219,0.0,138916.74259657363
1.975000023841858,0.29558436112711206,-275722.4479781056,0.0,137861.37178123428
1.9850000143051147,0.2967000887147151,-273830.4542347756,0.0,136915.37546743307
1.9950000047683716,0.2536410942557268,-272083.73219119525,0.0,136041.9929161455
2.0049999952316284,0.25313312478829175,-270432.26954501047,0.0,135216.26133906844
2.0149999856948853,0.25769761396804824,-268845.69474732876,0.0,134422.97622247218
2.024999976158142,0.25898183695971966,-267307.2701479492,0.0,133653.7645648939
2.034999966621399,0.26368978462414816,-265809.4780215111,0.0,132904.87085564868
2.0449999570846558,0.268480384896975,-264350.18580593355,0.0,132175.22714316007
2.0549999475479126,0.2463642290676944,-262930.52679034375,0.0,131465.38657728722
2.0649999380111694,0.2724308776669204,-261550.9780878258,0.0,130775.62525935262
2.0749999284744263,0.2766855386144016,-260212.17559034465,0.0,130106.22613794252
2.084999918937683,0.2785430182411801,-258910.6310300041,0.0,129455.45478651207
2.09499990940094,0.24294480070238933,-257640.32129388693,0.0,128820.28211934461
2.1049998998641968,0.24761460191803053,-256391.7250917301,0.0,128195.98635316682
2.1149998903274536,0.26210567919770256,-255153.4376310325,0.0,127576.84986835673
2.125,0.23356739769224077,-253913.98227584388,0.0,126957.10792162159
2.1350001096725464,0.2849892958474811,-252663.92385193772,0.0,126332.10442061779
2.1450001001358032,0.2428952057089191,-251398.1727636071,0.0,125699.20782940726
2.15500009059906,0.2581035212497227,-250116.05045225294,0.0,125058.15427788802
2.165000081062317,0.2672602238599211,-248820.83478485557,0.0,124410.55102254069
2.1750000715255737,0.2617743120936211,-247517.66858346437,0.0,123758.96517888921
2.1850000619888306,0.2637514816306066,-246211.49120123583,0.0,123105.87747635976
2.1950000524520874,0.25690834026318043,-244904.26035754805,0.0,122452.25863294517
2.2050000429153442,0.2576510143117048,-243594.80677282633,0.0,121797.53221192141
2.215000033378601,0.25056107333512045,-242278.68563427843,0.0,121139.46809767697
2.225000023841858,0.28096113115316257,-240949.75323628538,0.0,120475.01709870956
2.2350000143051147,0.26757204439491034,-239602.7741999248,0.0,119801.5208859859
2.2450000047683716,0.25490197620820254,-238235.81602357878,0.0,119118.03546277879
2.2549999952316284,0.22767536833998747,-236851.5965102085,0.0,118425.91209278961
2.2649999856948853,0.2454905497143045,-235457.3845706434,0.0,117728.8150305979
2.274999976158142,0.22277029108954594,-234063.38749117468,0.0,117031.80513073418
2.284999966621399,0.2431747547525447,-232680.042083369,0.0,116340.14262906332
2.2949999570846558,0.24767079084995203,-231315.79948718424,0.0,115658.02357898907
2.3049999475479126,0.27429615485016257,-229975.67385407354,0.0,114987.97407511593
2.3149999380111694,0.2475120676390361,-228662.15630482286,0.0,114331.20190844686
2.3249999284744263,0.22193326277192682,-227376.62530148536,0.0,113688.42361737552
2.334999918937683,0.25351802245131694,-226120.76928368118,0.0,113060.51140085349
2.34499990940094,0.24388135614572093,-224897.63589880933,0.0,112448.93989008437
2.3549998998641968,0.22287431350559928,-223710.38168927326,0.0,111855.30228179488
2.3649998903274536,0.2253194177756086,-222561.01523369885,0.0,111280.62027655984
2.375,0.2122736782184802,-221449.5437396179,0.0,110724.87800664948
2.3850001096725464,0.24503750799340196,-220371.91159971288,0.0,110186.07831861207
2.3950001001358032,0.24904113574302755,-219320.09281968244,0.0,109660.17093041076
2.40500009059906,0.2469663035008125,-218282.735163184,0.0,109141.49106474538
2.415000081062317,0.21589039626996964,-217247.01056874034,0.0,108623.61322956976
2.4250000715255737,0.16811617629718967,-216200.57973835143,0.0,108100.37392726498
2.4350000619888306,0.215257920906879,-215133.2944258603,0.0,107566.75484189205
2.4450000524520874,0.2122628857032396,-214039.46502732858,0.0,107019.83864510855
2.4550000429153442,0.22207957255886868,-212918.65491720592,0.0,106459.4384983907
2.465000033378601,0.21094405907206237,-211775.11474654044,0.0,105887.66284530114
2.475000023841858,0.2111696959764231,-210617.69612734547,0.0,105308.95364852212
2.4850000143051147,0.2308562602265738,-209457.54911679716,0.0,104728.88998653022
2.4950000047683716,0.22294364709523506,-208306.44813526742,0.0,104153.33553945874
2.5049999952316284,0.20834131792071275,-207174.87128018905,0.0,103587.53981075487
2.5149999856948853,0.20485807754448615,-206070.66579608215,0.0,103035.43532708118
2.524999976158142,0.1864983188570477,-204998.16576874093,0.0,102499.17613353115
2.534999966621399,0.17917233545449562,-203958.42958083868,0.0,101979.30437658826
2.5449999570846558,0.2057909268187359,-202949.87594407282,0.0,101475.04086750119
2.5549999475479126,0.19182062239269726,-201969.27874733397,0.0,100984.73528397946
2.5649999380111694,0.20897828129818663,-201012.21730392126,0.0,100506.21314110268
2.5749999284744263,0.1924910847155843,-200074.63980402116,0.0,100037.41614755424
2.584999918937683,0.15460650552995503,-199152.57013524493,0.0,99576.36237087628
2.59499990940094,0.20685612509259954,-198242.96377644406,0.0,99121.58531628599
2.6049998998641968,0.1866201758675743,-197343.76437064735,0.0,98671.97549541289
2.6149998903274536,0.19870048799202777,-196453.29706843576,0.0,98226.74788446323
2.625,0.19342563577811234,-195570.4595934765,0.0,97785.32650955746
2.6350001096725464,0.19632021090365015,-194694.77855464123,0.0,97347.48743742742
2.6450001001358032,0.172406627854798,-193825.46256004227,0.0,96912.81748333626
2.65500009059906,0.18226511709508486,-192962.082136672,0.0,96481.13220089581
2.665000081062317,0.1801172791456338,-192104.10135617282,0.0,96052.14073672725
2.6750000715255737,0.17536098827258684,-191250.43163852583,0.0,95625.30349975829
2.6850000619888306,0.19798495050054044,-190400.15354543345,0.0,95200.1757651934
2.6950000524520874,0.17838381571345963,-189552.12777459965,0.0,94776.15307920898
2.7050000429153442,0.16415293409954756,-188705.39225113645,0.0,94352.77820203648
2.715000033378601,0.17751209996640682,-187859.1275841714,0.0,93929.65254813699
2.725000023841858,0.22441582061583176,-187013.40280578914,0.0,93506.81361080655
2.7350000143051147,0.21143146132817492,-186168.78337991383,0.0,93084.49740568917
2.7450000047683716,0.16864471216103993,-185326.69345527748,0.0,92663.43104999608
2.7549999952316284,0.18740738311316818,-184488.77098738606,0.0,92244.47919738601
2.7649999856948853,0.17357476477627642,-183657.17465160397,0.0,91828.67411318571
2.774999976158142,0.18069614883279428,-182833.53970668843,0.0,91416.86020142004
2.784999966621399,0.15800843559554778,-182019.2832052661,0.0,91009.72060685208
2.7949999570846558,0.1577816818607971,-181214.70317492567,0.0,90607.43047830499
2.8049999475479126,0.1743386682064738,-180419.7044673729,0.0,90209.93940302193
2.8149999380111694,0.15289503789972514,-179633.6887675145,0.0,89816.92083127741
2.8249999284744263,0.16092027802369557,-178855.31250184338,0.0,89427.73671106195
2.834999918937683,0.188457794720307,-178083.6229097692,0.0,89041.90568378345
2.84499990940094,0.179682149522705,-177317.68234195843,0.0,88658.93101205539
2.8549998998641968,0.18766192355542444,-176556.70133731133,0.0,88278.44449961891
2.8649998903274536,0.13876196247292683,-175800.41581556245,0.0,87900.27728876355
2.875,0.16764119183062576,-175048.5524370788,0.0,87524.36003913663
2.8850001096725464,0.174333342933096,-174301.0694818789,0.0,87150.62190761231
2.8950001001358032,0.17274792166426778,-173558.18921354934,0.0,86779.18098073687
2.90500009059906,0.17671527032507583,-172819.97289203294,0.0,86410.07480365304
2.915000081062317,0.17932036871206947,-172086.44224792096,0.0,86043.31078414626
2.9250000715255737,0.15575559067656286,-171357.73537329558,0.0,85678.94556444438
2.9350000619888306,0.17494576616445556,-170633.8096681276,0.0,85316.99230694828
2.9450000524520874,0.13906316831707954,-169914.65715234872,0.0,84957.39810775964
2.9550000429153442,0.1624138920160476,-169200.0204813023,0.0,84600.09144759848
2.965000033378601,0.17339079192606732,-168489.94298042535,0.0,84245.05818561006
2.975000023841858,0.16375168165541254,-167784.40843828305,0.0,83892.28609498369
2.9850000143051147,0.15138701951946132,-167083.23979982798,0.0,83541.69559342499
2.9950000047683716,0.16795429511694238,-166386.2683098057,0.0,83193.2181320518
3.0049999952316284,0.16115172655554488,-165693.63455111533,0.0,82846.89785142228
3.0149999856948853,0.15023761606425978,-165005.17117957238,0.0,82502.66070859547
3.024999976158142,0.13381793862208724,-164320.7951659221,0.0,82160.46449193152
3.034999966621399,0.16849295000429265,-163640.44954552987,0.0,81820.30901924137
3.0449999570846558,0.15626770665403455,-162964.22385888983,0.0,81482.19006329957
3.0549999475479126,0.15096457689651288,-162291.93920275592,0.0,81146.0450836677
3.0649999380111694,0.17480887903366238,-161623.38969328927,0.0,80811.78225108565
3.0749999284744263,0.1292715372692328,-160958.65729109288,0.0,80479.39328131618
3.084999918937683,0.1392905644606799,-160297.32326551428,0.0,80148.73127804059
3.09499990940094,0.16891626504366286,-159639.1706918107,0.0,79819.66980403934
3.1049998998641968,0.17490657814778388,-158983.94224799785,0.0,79492.05857728953
3.1149998903274536,0.15288198099005967,-158331.29212635587,0.0,79165.72250416978
3.125,0.16449312848271802,-157680.96823715873,0.0,78840.56636514507
3.1350001096725464,0.15923682897118852,-157032.7606900658,0.0,78516.45996344883
3.1450001001358032,0.1496988434519153,-156386.5107455369,0.0,78193.33022219154
3.15500009059906,0.15283020783681422,-155742.25635903495,0.0,77871.20459462277
3.165000081062317,0.13892995531205088,-155100.27364781176,0.0,77550.2062888848
3.1750000715255737,0.1490908341947943,-154460.80492642344,0.0,77230.4770086302
3.1850000619888306,0.14503292777226306,-153824.27943957303,0.0,76912.21223625173
3.1950000524520874,0.1323980328743346,-153191.29290834692,0.0,76595.71265319113
3.2050000429153442,0.11829192732693627,-152562.34485418067,0.0,76281.2315730551
3.215000033378601,0.15693340625148267,-151937.8186026627,0.0,75968.98776803595
3.225000023841858,0.12852820681291632,-151318.27681719896,0.0,75659.20267270411
3.2350000143051147,0.13151680849841796,-150703.9995522229,0.0,75352.06553451695
3.2450000047683716,0.14882646704791114,-150095.1266607782,0.0,75047.63774362404
3.2549999952316284,0.15901793667580932,-149491.67547128588,0.0,74745.9172446128
3.2649999856948853,0.1319514481292572,-148893.709832829,0.0,74446.92089213984
3.274999976158142,0.12636891042347997,-148300.98801625348,0.0,74150.55719258318
3.284999966621399,0.12940757870092057,-147713.26689971803,0.0,73856.69815364963
3.2949999570846558,0.14398156988318078,-147130.32674889916,0.0,73565.23536523593
3.3049999475479126,0.13986266028950922,-146552.02313262384,0.0,73276.08149764345
3.3149999380111694,0.12274689076002687,-145978.07092981806,0.0,72989.09683835563
3.3249999284744263,0.13307175468071364,-145408.1584770409,0.0,72704.1457743991
3.334999918937683,0.1593860592402052,-144842.21281688416,0.0,72421.18610147329
3.34499990940094,0.1350082140415907,-144280.00437713295,0.0,72140.06969267486
3.3549998998641968,0.12219148816075176,-143721.260177924,0.0,71860.69118470732
3.3649998903274536,0.13849545383709483,-143165.76670976414,0.0,71582.9526026104
3.375,0.11251605013967492,-142613.40567044343,0.0,71306.75909324794
3.3850001096725464,0.12011579945101403,-142063.74738820634,0.0,71031.93375200413
3.3950001001358032,0.12041984937968664,-141516.87177763882,0.0,70758.49609874535
3.40500009059906,0.11336699657840654,-140972.48065974354,0.0,70486.29701337125
3.415000081062317,0.12693952792324126,-140430.61289450966,0.0,70215.36991702013
3.4250000715255737,0.11837434835615568,-139891.45773641733,0.0,69945.78805538408
3.4350000619888306,0.11568544400506653,-139354.98536108687,0.0,69677.55052326668
3.4450000524520874,0.13971994779421948,-138821.32434232358,0.0,69410.73203113719
3.4550000429153442,0.11170133607811294,-138290.82098579122,0.0,69145.46634356484
3.465000033378601,0.15367979631992057,-137763.44969531146,0.0,68881.80168755556
3.475000023841858,0.10759996948763728,-137239.43242342866,0.0,68619.77001170024
3.4850000143051147,0.13918341297539882,-136718.7792035549,0.0,68359.45919348547
3.4950000047683716,0.1213805221777875,-136201.59443523578,0.0,68100.8579078803
3.5049999952316284,0.13652469238149934,-135687.7272915552,0.0,67843.9319081253
3.5149999856948853,0.12465615279506892,-135177.3165200234,0.0,67588.72058808948
3.524999976158142,0.13680943998042494,-134670.21097386247,0.0,67335.17389165274
3.534999966621399,0.10684604299603961,-134166.39051733975,0.0,67083.24868169257
3.5449999570846558,0.11448245288920589,-133665.76366157748,0.0,66832.93907201647
3.5549999475479126,0.11007430261815898,-133168.3832503962,0.0,66584.24666235066
3.5649999380111694,0.1267954969080165,-132674.0947088397,0.0,66337.11075216974
3.5749999284744263,0.12089524327893741,-132182.80966146596,0.0,66091.465278356
3.584999918937683,0.11801850949996151,-131694.55507627784,0.0,65847.33654739503
3.59499990940094,0.13029745782841928,-131209.0238640987,0.0,65604.57708077977
3.6049998998641968,0.11076195279019885,-130726.28072127378,0.0,65363.195741614574
3.6149998903274536,0.10485640945262276,-130246.2367122984,0.0,65123.17078435515
3.625,0.10046445568150375,-129768.76494328066,0.0,64884.432703869345
3.6350001096725464,0.1067402592743747,-129293.78500045664,0.0,64646.94587035922
3.6450001001358032,0.11151881441764999,-128821.35909164863,0.0,64410.73530523284
3.65500009059906,0.13162709255993832,-128351.43001207475,0.0,64175.78081958523
3.665000081062317,0.12421486049424857,-127883.98918781064,0.0,63942.05670133706
3.6750000715255737,0.09065628876851406,-127419.17512401653,0.0,63709.63289015374
3.6850000619888306,0.12163050122035202,-126956.87310911795,0.0,63478.49736981106
3.6950000524520874,0.09873600472928956,-126497.26613343194,0.0,63248.68243471954
3.7050000429153442,0.09430068440269679,-126040.20584585732,0.0,63020.15007327201
3.715000033378601,0.11928305616311263,-125585.81949869983,0.0,62792.969390879465
3.725000023841858,0.1226400318701053,-125134.00250578196,0.0,62567.06257290844
3.7350000143051147,0.11979279232036788,-124684.83797267135,0.0,62342.478882733325
3.7450000047683716,0.11070138502691407,-124238.26077342778,0.0,62119.18573740781
3.7549999952316284,0.09219829528592527,-123794.17848024161,0.0,61897.135339269604
3.7649999856948853,0.09867567634501029,-123352.58932809353,0.0,61676.34400188619
3.774999976158142,0.09105791874753777,-122913.43705735648,0.0,61456.764057638786
3.784999966621399,0.12117684219265357,-122476.57821583787,0.0,61238.34969634159
3.7949999570846558,0.12147163931513205,-122042.12101276088,0.0,61021.12124220166
3.8049999475479126,0.11228175794531126,-121609.9733914939,0.0,60805.04283662738
3.8149999380111694,0.06499912674189545,-121180.09978566294,0.0,60590.08239239569
3.8249999284744263,0.1096597723371815,-120752.44027909031,0.0,60376.27496943277
3.834999918937683,0.10037147028197069,-120327.11511507933,0.0,60163.60774327614
3.84499990940094,0.09263225911126938,-119904.02780901868,0.0,59952.06022064013
3.8549998998641968,0.09605978849867824,-119483.33275414846,0.0,59741.71440696977
3.8649998903274536,0.09468654816737399,-119064.88078500134,0.0,59532.48773577603
3.875,0.1158260772790527,-118648.80824666597,0.0,59324.46203637319
3.8850001096725464,0.10803894059790764,-118235.12771919243,0.0,59117.617879067984
3.8950001001358032,0.11960981786251068,-117823.75234387127,0.0,58911.9359768462
3.90500009059906,0.11341403088590596,-117414.83326172641,0.0,58707.47333788022
3.915000081062317,0.09906973701436073,-117008.14650974167,0.0,58504.12278974071
3.9250000715255737,0.10256747296079993,-116603.74708105039,0.0,58301.92482426311
3.9350000619888306,0.08323727887182031,-116201.54685936213,0.0,58100.815048321674
3.9450000524520874,0.10144793636573013,-115801.36739674512,0.0,57900.734422342175
3.9550000429153442,0.09351009411329869,-115403.13627150618,0.0,57701.61489080147
3.965000033378601,0.11349992794566788,-115006.73789290595,0.0,57503.425696418584
3.975000023841858,0.10226611164398491,-114612.02817360446,0.0,57306.06521985952
3.9850000143051147,0.10420887323562056,-114218.94716777247,0.0,57109.525688324364
3.9950000047683716,0.09123856204678304,-113827.40016756028,0.0,56913.745703062494
4.005000114440918,0.098162632988533,-113437.28563315405,0.0,56718.69189789496
4.015000104904175,0.10680103334016167,-113048.6345014464,0.0,56524.37065124144
4.025000095367432,0.08201865540468134,-112661.55350184828,0.0,56330.81776025307
4.0350000858306885,0.08730871685838792,-112276.08052184439,0.0,56138.083915281924
4.045000076293945,0.09094925821409561,-111892.35483444067,0.0,55946.222891850804
4.055000066757202,0.1064408294914756,-111510.584028911,0.0,55755.345234871864
4.065000057220459,0.09660828809137456,-111131.06437791238,0.0,55565.580493101705
4.075000047683716,0.09691551892319694,-110753.83240167638,0.0,55376.964658599136
4.085000038146973,0.08869636748568155,-110378.99726115557,0.0,55189.542978762904
4.0950000286102295,0.090691437406349,-110006.65236922748,0.0,55003.37153033387
4.105000019073486,0.07553243424626999,-109636.85000843012,0.0,54818.46277043337
4.115000009536743,0.0912741502688732,-109269.48458301491,0.0,54634.78792858403
4.125,0.08120087611314375,-108904.62538783596,0.0,54452.353294357315
4.134999990463257,0.09705990225484129,-108542.10103356259,0.0,54271.09904673397
4.144999980926514,0.09910883824340999,-108181.85758921455,0.0,54090.97834902799
4.1549999713897705,0.07500454998807982,-107823.85648307158,0.0,53911.965743812005
4.164999961853027,0.0647435941209551,-107467.87631991456,0.0,53733.970531755396
4.174999952316284,0.09303406023536809,-107113.92552123209,0.0,53557.00927764769
4.184999942779541,0.07571830625238363,-106762.01204831824,0.0,53381.0438833135
4.194999933242798,0.09538689133478329,-106411.97154017333,0.0,53206.03346353392
4.204999923706055,0.07442268183513079,-106063.94551037872,0.0,53032.009966531514
4.2149999141693115,0.08176652451220434,-105717.78163532003,0.0,52858.93170092365
4.224999904632568,0.07132519059814513,-105373.54974462603,0.0,52686.81053490952
4.234999895095825,0.07691698054259177,-105031.13674074951,0.0,52515.60682886635
4.244999885559082,0.07357271439104807,-104690.5573891797,0.0,52345.3154809483
4.255000114440918,0.08640987492981367,-104351.72534990426,0.0,52175.905879891085
4.265000104904175,0.07765902839310002,-104014.73936971855,0.0,52007.40851437481
4.275000095367432,0.07610032020602375,-103679.4876825621,0.0,51839.781891442486
4.2850000858306885,0.08544000258552842,-103345.97967213798,0.0,51673.0325560718
4.295000076293945,0.06566011771792546,-103014.14536299334,0.0,51507.105511556685
4.305000066757202,0.06770916705136187,-102683.96500800039,0.0,51342.01635858493
4.315000057220459,0.08078904883586802,-102355.4310052246,0.0,51177.755897138166
4.325000047683716,0.0700071984610986,-102028.55608963055,0.0,51014.313048415774
4.335000038146973,0.07394031685544178,-101703.30131428908,0.0,50851.687627304316
4.3450000286102295,0.06862553022801876,-101379.63833219504,0.0,50689.85347886389
4.355000019073486,0.07071794000512455,-101057.62256693594,0.0,50528.846642439275
4.365000009536743,0.08589411023422144,-100737.21058269696,0.0,50368.648238405185
4.375,0.09367668666527607,-100418.40271740349,0.0,50209.24819704682
4.384999990463257,0.09774993784958497,-100101.2118092865,0.0,50050.654779614015
4.394999980926514,0.08487365469045471,-99785.678566193,0.0,49892.88171992545
4.4049999713897705,0.05677060667949263,-99471.70740578164,0.0,49735.882088195234
4.414999961853027,0.08733673524693586,-99159.24780005716,0.0,49579.66756839788
4.424999952316284,0.07429085488547571,-98848.38343083083,0.0,49424.22886084428
4.434999942779541,0.07644665076804813,-98539.1494519091,0.0,49269.61294928142
4.444999933242798,0.06902788842853624,-98231.48268219375,0.0,49115.77585504243
4.454999923706055,0.07694880058988929,-97925.33097358106,0.0,48962.70396119234
4.4649999141693115,0.050180206351797096,-97620.75547153833,0.0,48810.40282587333
4.474999904632568,0.07551610803056974,-97317.68722091868,0.0,48658.88136851486
4.484999895095825,0.07770536075986456,-97016.18356170494,0.0,48508.130633534405
4.494999885559082,0.08185733926075045,-96716.18470065408,0.0,48358.13327899831
4.505000114440918,0.07234880267060362,-96417.77153663935,0.0,48208.92194272248
4.515000104904175,0.07651047923718579,-96120.8511056132,0.0,48060.46380804778
4.525000095367432,0.07479527451505419,-95825.49487215257,0.0,47912.78483371508
4.5350000858306885,0.06319511975743808,-95531.62720817536,0.0,47765.845201648866
4.545000076293945,0.057462466444121674,-95239.19042541758,0.0,47619.62394394321
4.555000066757202,0.07753799032070674,-94948.17885943844,0.0,47474.128198716
4.565000057220459,0.08179160179861356,-94658.60949117082,0.0,47329.34564138804
4.575000047683716,0.06805967510445043,-94370.47080972364,0.0,47185.26943470082
4.585000038146973,0.06226862194307614,-94083.70799617634,0.0,47041.88513240047
4.5950000286102295,0.06651602173224092,-93798.32278825012,0.0,46899.194652137354
4.605000019073486,0.08495214526192285,-93514.22262522679,0.0,46757.15378868786
4.615000009536743,0.06292236714216415,-93231.54246092358,0.0,46615.80269164673
4.625,0.09573295831796713,-92950.06104999033,0.0,46475.07839147641
4.634999990463257,0.05314444021496456,-92670.01201255494,0.0,46335.03257849875
4.644999980926514,0.08820054429816082,-92391.17643398228,0.0,46195.63231726525
4.6549999713897705,0.06380852698930539,-92113.72834533772,0.0,46056.89607693377
4.664999961853027,0.05989957766723819,-91837.5826698133,0.0,45918.82128469683
4.674999952316284,0.06839782980387099,-91562.75957870363,0.0,45781.41398826826
4.684999942779541,0.07279353938065469,-91289.25450067641,0.0,45644.66364710955
4.694999933242798,0.09391368644719478,-91017.08587160279,0.0,45508.58989264677
4.704999923706055,0.0649183154309867,-90746.34922140666,0.0,45373.207069862554
4.7149999141693115,0.056735862206551246,-90476.91940743309,0.0,45238.488071648964
4.724999904632568,0.06114811630686745,-90208.86171357078,0.0,45104.461430844975
4.734999895095825,0.06770663564384449,-89942.11044164078,0.0,44971.0890741398
4.744999885559082,0.05732575290312525,-89676.73679500155,0.0,44838.397060378586
4.755000114440918,0.07030962366843596,-89412.61378041463,0.0,44706.34204502083
4.765000104904175,0.0833858775004046,-89149.7823540526,0.0,44574.93286996705
4.775000095367432,0.07509935322741512,-88888.23322291148,0.0,44444.154161134175
4.7850000858306885,0.0667550204670988,-88627.9621383242,0.0,44314.01444667396
4.795000076293945,0.06699624840985052,-88368.86817641323,0.0,44184.46758633246
4.805000066757202,0.06724015195504762,-88110.9803106698,0.0,44055.52377541253
4.815000057220459,0.07184044540917967,-87854.26521703845,0.0,43927.168528743714
4.825000047683716,0.08302991522941738,-87598.7280274306,0.0,43799.40552867498
4.835000038146973,0.06579216016689315,-87344.40103268133,0.0,43672.23341242241
4.8450000286102295,0.044023822440067306,-87091.21219549126,0.0,43545.62810965796
4.855000019073486,0.05302433966426179,-86839.14562189717,0.0,43419.599323119764
4.865000009536743,0.0532207874202868,-86588.234721283,0.0,43294.14397103658
4.875,0.08680391062807757,-86338.44426925223,0.0,43169.26553658367
4.884999990463257,0.060317179100820795,-86089.86759758739,0.0,43044.96395738481
4.894999980926514,0.07623546484683175,-85842.44356654047,0.0,42921.25990100465
4.9049999713897705,0.08101744118903298,-85596.16191536076,0.0,42798.12146640311
4.914999961853027,0.0858336684468668,-85351.03456877965,0.0,42675.560201226326
4.924999952316284,0.058944853430148214,-85107.08781212015,0.0,42553.57337848836
4.934999942779541,0.05916241856175475,-84864.26835240363,0.0,42432.16375741268
4.944999933242798,0.070800634479383,-84622.58656240116,0.0,42311.328681519735
4.954999923706055,0.05960126926947851,-84382.0535478211,0.0,42191.0565745468
4.9649999141693115,0.057521955386619084,-84142.66558263353,0.0,42071.36155229603
4.974999904632568,0.05311743399943225,-83904.3568479826,0.0,41952.20498270977
4.984999895095825,0.04404360015178099,-83667.15728108882,0.0,41833.60066234571
4.994999885559082,0.0744565186323598,-83430.99463220483,0.0,41715.534544363814
5.005000114440918,0.056051866224152036,-83195.9495608818,0.0,41598.00280637559
5.015000104904175,0.09142625647655223,-82961.9224483065,0.0,41481.00693728408
5.025000095367432,0.07294502326112706,-82729.0070162227,0.0,41364.53998062506
5.0350000858306885,0.059047384129371494,-82497.13823198047,0.0,41248.59863968399
5.045000076293945,0.061639516352443025,-82266.33600720897,0.0,41133.19882336444
5.055000066757202,0.05473134166095406,-82036.56401211588,0.0,41018.309371730356
5.065000057220459,0.05015882657608017,-81807.84836761106,0.0,40903.94926322028
5.075000047683716,0.09110225639597047,-81580.13850924843,0.0,40790.11480575509
5.085000038146973,0.05534636750235222,-81353.55634888349,0.0,40676.80584762713
5.0950000286102295,0.07245985142071731,-81127.97572715058,0.0,40564.024093503154
5.105000019073486,0.04848656109243166,-80903.47390087573,0.0,40451.76119371987
5.115000009536743,0.04623402643483132,-80679.99151042444,0.0,40340.01887222683
5.125,0.0512916677253088,-80457.53515413808,0.0,40228.79322290446
5.134999990463257,0.05393532365269493,-80236.09971939622,0.0,40118.07682736159
5.144999980926514,0.06398106197593734,-80015.66452343017,0.0,40007.864252248044
5.1549999713897705,0.049401573021896183,-79796.27984367154,0.0,39898.16462262381
5.164999961853027,0.0768616026325617,-79577.80998989682,0.0,39788.94342575212
5.174999952316284,0.05973105758312158,-79360.35557227173,0.0,39680.207651666526
5.184999942779541,0.03997179061116185,-79143.86468745314,0.0,39571.952329623135
5.194999933242798,0.05767777182336431,-78928.2811286922,0.0,39464.169403233835
5.204999923706055,0.04782801534747705,-78713.67784828455,0.0,39356.86283815148
5.2149999141693115,0.04295617216848768,-78500.00090167875,0.0,39250.02192892684
5.224999904632568,0.058337784896139055,-78287.257658495,0.0,39143.65799814184
5.234999895095825,0.06619713496183977,-78075.43643685001,0.0,39037.75131699465
5.244999885559082,0.056224898420623504,-77864.55714940521,0.0,38932.30668715366
5.255000114440918,0.06156772862595972,-77654.600500294,0.0,38827.33103401334
5.265000104904175,0.04119959617673885,-77445.58682101336,0.0,38722.81401030614
5.275000095367432,0.05427731532836333,-77237.46247960493,0.0,38618.75837846195
5.2850000858306885,0.041508793976390734,-77030.27876315132,0.0,38515.160135974045
5.295000076293945,0.06249537081748713,-76824.00818724667,0.0,38412.03534131085
5.305000066757202,0.07579594863636885,-76618.62127749674,0.0,38309.34853672527
5.315000057220459,0.041973474726546556,-76414.18873519565,0.0,38207.11535433662
5.325000047683716,0.047394744819030166,-76210.61193832656,0.0,38105.32966653733
5.335000038146973,0.06871157541172579,-76007.9088641971,0.0,38003.988787888644
5.3450000286102295,0.03182974182709586,-75806.14980073707,0.0,37903.09081524056
5.355000019073486,0.06655548684648238,-75605.20236774549,0.0,37802.63446161851
5.365000009536743,0.032063736813142896,-75405.19616983586,0.0,37702.614116787474
5.375,0.0455898642539978,-75206.0223261944,0.0,37603.03395803095
5.384999990463257,0.07805520611873362,-75007.70267087064,0.0,37503.89036304117
5.394999980926514,0.05672915630566422,-74810.31492751482,0.0,37405.185828337606
5.4049999713897705,0.05693627140135504,-74613.76563674003,0.0,37306.911286507784
5.414999961853027,0.06258651550160721,-74418.08469625805,0.0,37209.07364138907
5.424999952316284,0.049159825473907404,-74223.28602715858,0.0,37111.66759349384
5.434999942779541,0.032893254261580296,-74029.34989107381,0.0,37014.69139216526
5.444999933242798,0.03851637669140473,-73836.25020527109,0.0,36918.14436082532
5.454999923706055,0.06074873643228784,-73644.00619822349,0.0,36822.03347348224
5.4649999141693115,0.04711575365217868,-73452.61679615146,0.0,36726.33195595433
5.474999904632568,0.055636047982261516,-73262.03836177589,0.0,36631.04699891405
5.484999895095825,0.061427737440681085,-73072.27260794994,0.0,36536.16701784604
5.494999885559082,0.04764449555659667,-72883.34520708444,0.0,36441.69642579184
5.505000114440918,0.030944572543376125,-72695.231101993,0.0,36347.631023283975
5.515000104904175,0.05082738125929609,-72507.86929175018,0.0,36253.9600595677
5.525000095367432,0.0481850496144034,-72321.32059008589,0.0,36160.68438756964
5.5350000858306885,0.054057917688624,-72135.55601104473,0.0,36067.80503448334
5.545000076293945,0.05426318176614586,-71950.58225171131,0.0,35975.31825744869
5.555000066757202,0.04586908282362856,-71766.41428755154,0.0,35883.230078319015
5.565000057220459,0.03453298153181095,-71583.02353797591,0.0,35791.52903548011
5.575000047683716,0.040442425131914206,-71400.38788317445,0.0,35700.214162801436
5.585000038146973,0.05799619434401393,-71218.52964694775,0.0,35609.2938215734
5.5950000286102295,0.05239704700943548,-71037.46212578617,0.0,35518.75726141874
5.605000019073486,0.029221599790616892,-70857.1866503469,0.0,35428.607935974556
5.615000009536743,0.046935215970734134,-70677.62963700715,0.0,35338.8382861135
5.625,0.05300679350330029,-70498.84238628838,0.0,35249.44769654316
5.634999990463257,0.047300336096668616,-70320.80812622777,0.0,35160.42771328393
5.644999980926514,0.05342031999316532,-70143.50025146808,0.0,35071.7768358963
5.6549999713897705,0.04767024527245667,-69966.93197586329,0.0,34983.48982305631
5.664999961853027,0.023928385693579912,-69791.10244260753,0.0,34895.56318549764
5.674999952316284,0.057052949792705476,-69616.10931840827,0.0,34808.08318568149
5.684999942779541,0.06632059102412313,-69441.84669752944,0.0,34720.956509063115
5.694999933242798,0.054475241791806184,-69268.35303371865,0.0,34634.2037544826
5.704999923706055,0.04253577110648621,-69095.60122784205,0.0,34547.82188180845
5.7149999141693115,0.04880262441292871,-68923.55628277599,0.0,34461.80254270236
5.724999904632568,0.03368323255563155,-68752.37174688767,0.0,34376.20271506161
5.734999895095825,0.03996441891649738,-68582.34739155274,0.0,34291.19367798762
5.744999885559082,0.04937995666114148,-68412.87649591078,0.0,34206.46293793595
5.755000114440918,0.040276165134855546,-68243.42019208573,0.0,34121.73023412726
5.765000104904175,0.05598173178441357,-68074.60808336701,0.0,34037.33203255195
5.775000095367432,0.08117359806783497,-67906.53437338809,0.0,33953.30777349681
5.7850000858306885,0.06268100981833413,-67739.17009524544,0.0,33869.61638813053
5.795000076293945,0.053483432362554595,-67572.52188045224,0.0,33786.2876819448
5.805000066757202,0.05368887870281469,-67406.56298865798,0.0,33703.308338770854
5.815000057220459,0.05389530144748278,-67241.29283822316,0.0,33620.673366764844
5.825000047683716,0.05410273224697448,-67076.68962620953,0.0,33538.371864473454
5.835000038146973,0.05111655361542944,-66912.76977394894,0.0,33456.410445253714
5.8450000286102295,0.038485562705318443,-66749.54936675589,0.0,33374.79392616115
5.855000019073486,0.022536840391694568,-66586.98536468981,0.0,33293.50395076619
5.865000009536743,0.03878437685489189,-66425.01899253033,0.0,33212.52888845548
5.875,0.04217952289036475,-66263.7071074229,0.0,33131.87464347496
5.884999990463257,0.03582895020372234,-66103.04437920457,0.0,33051.540104079155
5.894999980926514,0.045777750536217354,-65942.99588746372,0.0,32971.5208326094
5.9049999713897705,0.04595555779815186,-65783.55148065164,0.0,32891.79871810702
5.914999961853027,0.03954332623106893,-65624.71973839235,0.0,32812.379640861276
5.924999952316284,0.046312637445225846,-65466.483694542745,0.0,32733.265003592434
5.934999942779541,0.07305863017245429,-65308.86167260413,0.0,32654.46736562086
5.944999933242798,0.06333968273975188,-65151.834291205734,0.0,32575.948815447475
5.954999923706055,0.04685120563226519,-64995.40987075531,0.0,32497.72836098288
5.9649999141693115,0.04367216461832868,-64839.587509995916,0.0,32419.81559108253
5.974999904632568,0.023606184127856977,-64684.371828725496,0.0,32342.197717456045
5.984999895095825,0.050779097218764946,-64529.723506792085,0.0,32264.88714294731
5.994999885559082,0.04077950003556907,-64375.724143286236,0.0,32187.882461395282
6.005000114440918,0.05117069994594203,-64222.326503005876,0.0,32111.18883685563
6.015000104904175,0.023971858143340796,-64069.59644614076,0.0,32034.81020900073
6.025000095367432,0.03781598665227648,-63917.46073284669,0.0,31958.749274418708
6.0350000858306885,0.031060694986081216,-63765.976782282036,0.0,31883.003921490195
6.045000076293945,0.034646790103579406,-63615.133616244035,0.0,31807.584131518957
6.055000066757202,0.05565259118884569,-63464.90906619391,0.0,31732.4823593956
6.065000057220459,0.05238017495139502,-63315.30940453757,0.0,31657.68089235915
6.075000047683716,0.03505855964613147,-63166.343805019904,0.0,31583.189431791725
6.085000038146973,0.021118882497830782,-63017.98132284077,0.0,31509.001220862818
6.0950000286102295,0.03180489806254627,-62870.18863513222,0.0,31435.110220016926
6.105000019073486,0.05322057243029121,-62722.978073356855,0.0,31361.515646967655
6.115000009536743,0.03918513123062439,-62576.382909707565,0.0,31288.211047421635
6.125,0.04649588496249635,-62430.33774757622,0.0,31215.192121733256
6.134999990463257,0.050273915760044474,-62284.8684749208,0.0,31142.459374421178
6.144999980926514,0.06129246723867254,-62139.950517307174,0.0,31070.00590489076
6.1549999713897705,0.0470591726625571,-61995.62262153092,0.0,30997.834840354542
6.164999961853027,0.050882737297797576,-61851.83688475128,0.0,30925.943883747274
6.174999952316284,0.02919257674511755,-61708.63136971245,0.0,30854.33028114632
6.184999942779541,0.04030080288066529,-61565.94844822658,0.0,30782.99437451713
6.194999933242798,0.03310554077324923,-61423.83396634454,0.0,30711.93353594464
6.204999923706055,0.040624388624564745,-61282.24784394824,0.0,30641.144234170875
6.2149999141693115,0.040787005455058534,-61141.21696803258,0.0,30570.628877521485
6.224999904632568,0.022336420508509036,-61000.75237005581,0.0,30500.387353239523
6.234999895095825,0.0373763014213182,-60860.79152153393,0.0,30430.41444891997
6.244999885559082,0.041278268057794776,-60721.36076558923,0.0,30360.701021931196
6.255000114440918,0.02260536343237618,-60582.48577847582,0.0,30291.254191921034
6.265000104904175,0.052956468127376866,-60444.09711732302,0.0,30222.07503689889
6.275000095367432,0.030381549047888257,-60306.27364306216,0.0,30153.152012307517
6.2850000858306885,0.04956678318558261,-60168.92693363625,0.0,30084.488250212853
6.295000076293945,0.034452116495231166,-60032.14404832866,0.0,30016.08925022477
6.305000066757202,0.04227574485412333,-59895.871942596015,0.0,29947.957109173145
6.315000057220459,0.027009754412574694,-59760.13388439458,0.0,29880.08044707624
6.325000047683716,0.07747767140972428,-59624.85778762456,0.0,29812.46763265302
6.335000038146973,0.042782290824106894,-59490.188001858776,0.0,29745.11539207759
6.3450000286102295,0.06247670452285092,-59355.995391866425,0.0,29678.028934289585
6.355000019073486,0.01568151459650835,-59222.39840731654,0.0,29611.20704441661
6.365000009536743,0.019680325051012915,-59089.26519270603,0.0,29544.642436516853
6.375,0.03556677386222873,-58956.65008464843,0.0,29478.34282571353
6.384999990463257,0.03174226702685701,-58824.562000421705,0.0,29412.29687134651
6.394999980926514,0.06772512039606227,-58692.94620607371,0.0,29346.506965601653
6.4049999713897705,0.040000084205530584,-58561.892649537665,0.0,29280.966324813664
6.414999961853027,0.0441794764919905,-58431.30664456981,0.0,29215.675412026187
6.424999952316284,0.020163749264611397,-58301.23802900715,0.0,29150.629096379602
6.434999942779541,0.020246511121513322,-58171.62846221049,0.0,29085.82435436221
6.444999933242798,0.02846174484875519,-58042.48798164319,0.0,29021.258221696018
6.454999923706055,0.024496333491697442,-57913.827084527366,0.0,28956.925790432153
6.4649999141693115,0.0409956585499458,-57785.61568972393,0.0,28892.82834269415
6.474999904632568,0.024698899818758946,-57657.90711071321,0.0,28828.965904808276
6.484999895095825,0.03306770797644276,-57530.63812238244,0.0,28765.335595047585
6.494999885559082,0.05810698535788106,-57403.819104303984,0.0,28701.93860564887
6.505000114440918,0.0666813408897724,-57277.487902895926,0.0,28638.777292123257
6.515000104904175,0.02929301426775055,-57151.66561731881,0.0,28575.847455168685
6.525000095367432,0.029413286240014713,-57026.28080526658,0.0,28513.155109278574
6.5350000858306885,0.05484874416288221,-56901.339421466255,0.0,28450.697135109272
6.545000076293945,0.016945730872976128,-56776.933072328204,0.0,28388.475009030808
6.555000066757202,0.06806087641598424,-56652.90585818733,0.0,28326.486959536986
6.565000057220459,0.0384413732244866,-56529.44142982187,0.0,28264.73993560045
6.575000047683716,0.025732908070494886,-56406.44824846678,0.0,28203.236990689384
6.585000038146973,0.03875843842251925,-56283.87059382233,0.0,28141.954676133344
6.5950000286102295,0.04324303800967755,-56161.780683698,0.0,28080.91196337133
6.605000019073486,0.034737991460133344,-56040.15678903762,0.0,28020.095763517234
6.615000009536743,0.021801716538902838,-55918.98320651867,0.0,27959.502504119304
6.625,0.03065015056199627,-55798.24122442136,0.0,27899.135937288367
6.634999990463257,0.017587998059752863,-55677.96320044001,0.0,27838.990394220422
6.644999980926514,0.0485711536166491,-55558.07508148496,0.0,27779.061826323148
6.6549999713897705,0.026605599843605887,-55438.67060312615,0.0,27719.348604365125
6.664999961853027,0.0534373484479147,-55319.639602641175,0.0,27659.846519999108
6.674999952316284,0.03577667086938163,-55201.075373254105,0.0,27600.555574965387
6.684999942779541,0.026947008511342574,-55082.915465738326,0.0,27541.471206375612
6.694999933242798,0.0766759799735155,-54965.11795835865,0.0,27482.5973171756
6.704999923706055,0.04982584246317856,-54847.81213204548,0.0,27423.930978948083
6.7149999141693115,0.03639174521958921,-54730.90411194165,0.0,27365.47025184646
6.724999904632568,0.013705145349376835,-54614.42109828808,0.0,27307.21740171786
6.734999895095825,0.06423000702488935,-54498.28539450524,0.0,27249.17481226154
6.744999885559082,0.03685916191898286,-54382.64846222263,0.0,27191.342660695394
6.755000114440918,0.03238897163828369,-54267.40850537509,0.0,27133.72044717612
6.765000104904175,0.032526659466384444,-54152.59039565082,0.0,27076.31146115794
6.775000095367432,0.027998475590720773,-54038.19783105774,0.0,27019.11291476908
6.7850000858306885,0.03280373469169717,-53924.22105083416,0.0,26962.126927287274
6.795000076293945,0.037649472717021126,-53810.67202387855,0.0,26905.35483667893
6.805000066757202,0.023631165895494632,-53697.56453285072,0.0,26848.79408201039
6.815000057220459,0.037971262536302675,-53584.85187994152,0.0,26792.444925605392
6.825000047683716,0.028600305944564752,-53472.580782367026,0.0,26736.30469133904
6.835000038146973,0.043084540811832994,-53360.70207999321,0.0,26680.372582270877
6.8450000286102295,0.024038861360168085,-53249.26143837903,0.0,26624.642738622366
6.855000019073486,0.038628172493190505,-53138.19315614816,0.0,26569.11589216384
6.865000009536743,0.04364474770409288,-53027.53000117505,0.0,26513.786822965365
6.875,0.01948179920145776,-52917.284912075724,0.0,26458.652196939252
6.884999990463257,0.048916113570157904,-52807.36786443306,0.0,26403.708390277847
6.894999980926514,0.029477337455318775,-52697.877668839035,0.0,26348.953573090992
6.9049999713897705,0.01480281341355294,-52588.74694003162,0.0,26294.380871423902
6.914999961853027,0.03469019148906227,-52479.93392658293,0.0,26239.984308390485
6.924999952316284,0.06470459348201985,-52371.45086032758,0.0,26185.75778246668
6.934999942779541,0.019995559327071533,-52263.36075985085,0.0,26131.690377707004
6.944999933242798,0.04518497268145438,-52155.46296907189,0.0,26077.75407702663
6.954999923706055,0.01008452277892502,-52047.85079074769,0.0,26023.930437636212
6.9649999141693115,0.010128023292054422,-51940.36421200339,0.0,25970.187170014327
6.974999904632568,0.02542900905245915,-51832.92602016953,0.0,25916.475724591786
6.984999895095825,0.04596872405090835,-51725.43082229433,0.0,25862.73839551373
6.994999885559082,0.030777115061937366,-51617.76338973732,0.0,25808.89708342925
7.005000114440918,0.05666608616593294,-51509.679468590344,0.0,25754.868067343923
7.015000104904175,0.041387823279364966,-51401.042123410225,0.0,25700.541755620914
7.025000095367432,0.031173542251053732,-51291.59268513691,0.0,25645.81192934274
7.0350000858306885,0.031306822049373295,-51181.08217101822,0.0,25590.556738923326
7.045000076293945,0.03144087494001724,-51069.31244549511,0.0,25534.67194318825
7.055000066757202,0.031575823260936886,-50956.089423894366,0.0,25478.060499862077
7.065000057220459,0.036997092807723675,-50841.28614067096,0.0,25420.661568885735
7.075000047683716,0.04246519986190833,-50724.86598673825,0.0,25362.454225973503
7.085000038146973,0.03198723468813114,-50606.89504214263,0.0,25303.463514692023
7.0950000286102295,0.026772386889206246,-50487.5217501315,0.0,25243.77426126203
7.105000019073486,0.04302377497515408,-50367.01050116545,0.0,25183.52676247481
7.115000009536743,0.02160676193307154,-50245.7980498515,0.0,25122.909828309042
7.125,0.027128145105962176,-50124.29638292925,0.0,25062.161755540117
7.134999990463257,0.02724889462115243,-50003.05257107958,0.0,25001.539909990068
7.144999980926514,0.03831888280546991,-49882.5760207961,0.0,24941.307169843654
7.1549999713897705,0.0659838645151467,-49763.37651057347,0.0,24881.72124722628
7.164999961853027,0.016570041960221715,-49645.985575213665,0.0,24823.001072629657
7.174999952316284,0.03883728606888326,-49530.61017815489,0.0,24765.324507724832
7.184999942779541,0.016719436294806655,-49417.60233527575,0.0,24708.809527357906
7.194999933242798,0.02799108124600025,-49307.02005427843,0.0,24653.524022683017
7.204999923706055,0.01124676445760997,-49198.93369594418,0.0,24599.472471355606
7.2149999141693115,0.022594531168579124,-49093.207611918086,0.0,24546.615103227225
7.224999904632568,0.022695846790156793,-48989.7135510924,0.0,24494.86812347222
7.234999895095825,0.03419619727355894,-48888.22822758662,0.0,24444.131211895932
7.244999885559082,0.01717454792378703,-48788.54493563993,0.0,24394.28105509594
7.255000114440918,0.011500831700686831,-48690.38318052379,0.0,24345.197340679108
7.265000104904175,0.034656455063668545,-48593.4879445262,0.0,24296.76130049475
7.275000095367432,0.017405527316441294,-48497.721732660255,0.0,24248.86956909587
7.2850000858306885,0.029138579149730504,-48402.83614259121,0.0,24201.432640588686
7.295000076293945,0.04097622921108268,-48308.70997932369,0.0,24154.375477781414
7.305000066757202,0.04115945191006176,-48215.22064555707,0.0,24107.630902509507
7.315000057220459,0.041343841556226835,-48122.277979081315,0.0,24061.159661466507
7.325000047683716,0.041529483256454114,-48029.81647231812,0.0,24014.929000905817
7.335000038146973,0.011918983465875499,-47937.80691966779,0.0,23968.90941932711
7.3450000286102295,0.02993197135947412,-47846.14316846945,0.0,23923.086550224147
7.355000019073486,0.03006746235769242,-47754.864007027645,0.0,23877.44703724879
7.365000009536743,0.024163130765373353,-47663.93331193581,0.0,23831.978737536352
7.375,0.04247781333106104,-47573.30679236743,0.0,23786.6746350958
7.384999990463257,0.042671389630413614,-47483.023714194445,0.0,23741.533192797517
7.394999980926514,0.04286611658608308,-47393.05085730215,0.0,23696.546861714905
7.4049999713897705,0.012303404088015668,-47303.41630440602,0.0,23651.71430390665
7.414999961853027,0.04325868517480558,-47214.01886907576,0.0,23607.03106388613
7.424999952316284,0.031040257395943627,-47124.96317568532,0.0,23562.497107975447
7.434999942779541,0.04989128317538416,-47036.166696644075,0.0,23518.10829397024
7.444999933242798,0.018794650270137936,-46947.713131566285,0.0,23473.865963110784
7.454999923706055,0.025173872607410885,-46859.51055591706,0.0,23429.76786489822
7.4649999141693115,0.031610835932951886,-46771.59757644011,0.0,23385.814593642295
7.474999904632568,0.03175493154412834,-46683.97654729813,0.0,23342.004151119156
7.484999895095825,0.02551973426307086,-46596.64886494921,0.0,23298.33719234523
7.494999885559082,0.019227061871788464,-46509.60998680567,0.0,23254.81460693642
7.505000114440918,0.057944427302572876,-46422.814266607194,0.0,23211.43610552529
7.515000104904175,0.01940302721777698,-46336.36900270577,0.0,23168.194202869203
7.525000095367432,0.032486293457623105,-46250.15414049239,0.0,23125.09331339749
7.5350000858306885,0.019581089421990328,-46164.240874953946,0.0,23082.130228024453
7.545000076293945,0.006556995598657522,-46078.59844872433,0.0,23039.3025028609
7.555000066757202,0.019761480012675747,-45993.19973809635,0.0,22996.609749791012
7.565000057220459,0.01985256519401446,-45908.08469706585,0.0,22954.052274818387
7.575000047683716,0.033240378921618685,-45823.212417883566,0.0,22911.622829136064
7.585000038146973,0.013357630065002013,-45738.64081298531,0.0,22869.327085309636
7.5950000286102295,0.03354863518325146,-45654.27931551019,0.0,22827.15643207762
7.605000019073486,0.033703995250107255,-45570.20187903107,0.0,22785.117791518147
7.615000009536743,0.013544034882215783,-45486.396422360034,0.0,22743.204983199477
7.625,0.02721347887563752,-45402.82283912065,0.0,22701.425026303845
7.634999990463257,0.027339369800756685,-45319.51553160912,0.0,22659.77143549358
7.644999980926514,0.020599283823685255,-45236.481428921725,0.0,22618.251014105903
7.6549999713897705,0.041388612204173114,-45153.689631290246,0.0,22576.865509957544
7.664999961853027,0.048509259228012525,-45071.17289562442,0.0,22535.610702449278
7.674999952316284,0.05569438655220438,-44988.938951440075,0.0,22494.497322921932
7.684999942779541,0.0,-44907.03592044279,0.0,22453.517960221394
7.694999933242798,0.028103604672651272,-44825.32716625751,0.0,22412.677634935495
7.704999923706055,0.04234872819506563,-44743.92147700759,0.0,22371.981912874573
7.7149999141693115,0.042542771363514476,-44662.81093249788,0.0,22331.426737641374
7.724999904632568,0.03561464230006095,-44581.99253764265,0.0,22291.014076148163
7.734999895095825,0.03577762921486283,-44501.459052067534,0.0,22250.747414854126
7.744999885559082,0.028753029357176274,-44421.22138123881,0.0,22210.62506713874
7.755000114440918,0.036105620754824486,-44341.25124376943,0.0,22170.643674700972
7.765000104904175,0.014508254738757387,-44261.594722137546,0.0,22130.804615198518
7.775000095367432,0.02914905759098474,-44182.179994158214,0.0,22091.104571612712
7.7850000858306885,0.06588482417282648,-44103.02489442658,0.0,22051.54538963631
7.795000076293945,0.007353940192842856,-44024.23607051997,0.0,22012.121712231306
7.805000066757202,0.014774955961911473,-43945.65239898692,0.0,21972.833586973924
7.815000057220459,0.044526918325573206,-43867.3137779313,0.0,21933.67915243234
7.825000047683716,0.04472982620791299,-43789.265334948584,0.0,21894.655032395014
7.835000038146973,0.02995576406829059,-43711.49354907801,0.0,21855.76175242617
7.8450000286102295,0.015046173459268175,-43633.988018005395,0.0,21817.00153209202
7.855000019073486,0.0226722052830155,-43556.70744435206,0.0,21778.365058282605
7.865000009536743,0.04555149311636342,-43479.66226999023,0.0,21739.853910749625
7.875,0.030506591188895982,-43402.907954488444,0.0,21701.46923054518
7.884999990463257,0.007661618299607653,-43326.411475392386,0.0,21663.209568506696
7.894999980926514,0.015393691042845603,-43250.125862241075,0.0,21625.0706279688
7.9049999713897705,0.007732348756690044,-43174.102564665474,0.0,21587.0551485085
7.914999961853027,0.054377007953007706,-43098.26609078504,0.0,21549.160233906296
7.924999952316284,0.007804241649864707,-43022.76095525389,0.0,21511.38437974919
7.934999942779541,0.03136260942847002,-42947.42259128568,0.0,21473.726976953276
7.944999933242798,0.01575475270510651,-42872.3521554032,0.0,21436.183955080847
7.954999923706055,0.03165770602208795,-42797.49622641811,0.0,21398.76394206792
7.9649999141693115,0.03180717970826663,-42722.88374834207,0.0,21361.45777776681
7.974999904632568,0.039947387544089,-42648.49784991035,0.0,21324.268898656435
7.984999895095825,0.04013734190084506,-42574.347881312744,0.0,21287.194009334893
7.994999885559082,0.016131512333231512,-42500.45151775041,0.0,21250.23382463443
8.005000114440918,0.008104330576315988,-42426.767245424024,0.0,21213.38767487885
8.015000343322754,0.0488591334578814,-42353.264819244425,0.0,21176.65683919834
8.025000095367432,0.032729092505178414,-42280.04114363746,0.0,21140.036936371318
8.03499984741211,0.008221616255468689,-42207.04251123641,0.0,21103.525366427937
8.045000076293945,0.02478354570484953,-42134.22471835063,0.0,21067.124750953026
8.055000305175781,0.0,-42061.665937108686,0.0,21030.832968554343
8.065000057220459,0.04170455505663995,-41989.25800924022,0.0,20994.649856905922
8.074999809265137,0.058667320510721765,-41917.09669621022,0.0,20958.577681777097
8.085000038146973,0.008421331556746736,-41845.210188709665,0.0,20922.609305022306
8.095000267028809,0.02538528621516889,-41773.472989566144,0.0,20886.749187431324
8.105000019073486,0.025506993290036917,-41701.9673068794,0.0,20850.996406941547
8.114999771118164,0.017086068080971017,-41630.68601644049,0.0,20815.351551257794
8.125,0.0,-41559.627989460474,0.0,20779.813994730237
8.135000228881836,0.02587456470791949,-41488.74685421717,0.0,20744.38636439632
8.144999980926514,0.060661946241452824,-41418.0796135774,0.0,20709.070137774514
8.154999732971191,0.01741460214543622,-41347.709538668954,0.0,20673.86347663922
8.164999961853027,0.04374402017128887,-41277.4913074632,0.0,20638.767525750955
8.175000190734863,0.01758104930195259,-41207.550462529376,0.0,20603.784021793093
8.184999942779541,0.04416246352047892,-41137.78101100893,0.0,20568.9125867457
8.194999694824219,0.0,-41068.30797735055,0.0,20534.153988675276
8.204999923706055,0.026751840254291892,-40998.97972267003,0.0,20499.503237260964
8.21500015258789,0.017920303136634175,-40929.90701942165,0.0,20464.962469866314
8.224999904632568,0.0,-40861.05709843216,0.0,20430.52854921608
8.234999656677246,0.00904695571080083,-40792.38240846078,0.0,20396.195727710252
8.244999885559082,0.018181826948421076,-40723.90554059765,0.0,20361.961861216358
8.255000114440918,0.009135260457696859,-40655.642157016286,0.0,20327.825646140423
8.265000343322754,0.018359932815656066,-40587.53648040557,0.0,20293.777420173345
8.275000095367432,0.018450070143444464,-40519.61162645197,0.0,20259.81503826526
8.28499984741211,0.06489317063096678,-40451.806301502,0.0,20225.93559735119
8.295000076293945,0.027948599730734713,-40384.24598522048,0.0,20192.13696691655
8.305000305175781,0.018724515728536062,-40316.81831282592,0.0,20158.41851867517
8.315000057220459,0.037634427040757146,-40249.52065672897,0.0,20124.779145586803
8.324999809265137,0.01891046087257564,-40182.42715541088,0.0,20091.223032940325
8.335000038146973,0.0380084515636554,-40115.46466213162,0.0,20057.751335300592
8.345000267028809,0.019098468976153526,-40048.70301213321,0.0,20024.361055305653
8.355000019073486,0.02878984296694398,-39982.116297930865,0.0,19991.072543893828
8.364999771118164,0.019288486073492095,-39915.749648670935,0.0,19957.88446858317
8.375,0.03876851284439908,-39849.5674105718,0.0,19924.803089551748
8.385000228881836,0.0,-39783.66902542198,0.0,19891.83451271099
8.394999980926514,0.0,-39717.96385258601,0.0,19858.981926293003
8.404999732971191,0.009837443772994447,-39652.49590411391,0.0,19826.25287078128
8.414999961853027,0.009886510022624861,-39587.2734812308,0.0,19793.64168387288
8.425000190734863,0.01987183796154568,-39522.2917426725,0.0,19761.15580726023
8.434999942779541,0.0,-39457.5867369431,0.0,19728.793368471554
8.444999694824219,0.040143297766917385,-39393.06061131648,0.0,19696.550377317348
8.454999923706055,0.040345355722820386,-39328.81130189114,0.0,19664.425823633777
8.46500015258789,0.01013723446521908,-39264.82332146609,0.0,19632.41672935289
8.474999904632568,0.04075402508897241,-39200.99684797185,0.0,19600.518801009064
8.484999656677246,0.05120073035504902,-39137.403193622915,0.0,19568.72719719003
8.494999885559082,0.0514607076838729,-39074.02782216825,0.0,19537.039641451527
8.505000114440918,0.0,-39010.90338063702,0.0,19505.451690318514
8.515000343322754,0.02079427042917814,-38947.90119625262,0.0,19473.960995267076
8.525000095367432,0.020900205679936334,-38885.10526533928,0.0,19442.5630827781
8.53499984741211,0.04201344978355337,-38822.478550496155,0.0,19411.260281984338
8.545000076293945,0.04222762159042759,-38760.05157988062,0.0,19380.04690376261
8.555000305175781,0.021221454975602683,-38697.83092073926,0.0,19348.926071102935
8.565000057220459,0.03199447583028814,-38635.75814612632,0.0,19317.895070309907
8.574999809265137,0.021438415365992114,-38573.89091735813,0.0,19286.9561778927
8.585000038146973,0.010773873982543591,-38512.200323426245,0.0,19256.105548653126
8.595000267028809,0.021657750192389358,-38450.679255394265,0.0,19225.350456578322
8.605000019073486,0.032652662332111504,-38389.34480641481,0.0,19194.68872954783
8.614999771118164,0.03281982826592866,-38328.20363280727,0.0,19164.11822632714
8.625,0.04398430341825588,-38267.24736869202,0.0,19133.645676510358
8.635000228881836,0.0331579656485701,-38206.50242783706,0.0,19103.267792910945
8.644999980926514,0.022219428719836287,-38145.94144472389,0.0,19072.981832082776
8.654999732971191,0.0,-38085.58620020921,0.0,19042.793100104605
8.664999961853027,0.011225398033275269,-38025.38360270824,0.0,19012.697414056453
8.675000190734863,0.022568143911485095,-37965.36725172399,0.0,18982.69490994066
8.684999942779541,0.011343319514708128,-37905.55535561848,0.0,18952.783349472393
8.694999694824219,0.04561258786270628,-37845.88049862172,0.0,18922.963055618537
8.704999923706055,0.0,-37786.46563356696,0.0,18893.23281678348
8.71500015258789,0.03457354992860928,-37727.142254347826,0.0,18863.58841395944
8.724999904632568,0.011586029650061391,-37668.046987262474,0.0,18834.029286649627
8.734999656677246,0.011648067338683177,-37609.09650893742,0.0,18804.554078505986
8.744999885559082,0.011710586746630725,-37550.30111885663,0.0,18775.15641472534
8.755000114440918,0.011773593912948854,-37491.678630175564,0.0,18745.845201888438
8.765000343322754,0.011837032696348615,-37433.21363664049,0.0,18716.612736840336
8.775000095367432,0.04760365455877036,-37374.87888600312,0.0,18687.463244844
8.78499984741211,0.02393041148025077,-37316.76471334931,0.0,18658.394321888067
8.795000076293945,0.03608960774727166,-37258.77528071123,0.0,18629.40568517114
8.805000305175781,0.012094961079128552,-37200.9825218297,0.0,18600.49730839932
8.815000057220459,0.02432091259106528,-37143.30742051403,0.0,18571.665870721274
8.824999809265137,0.03667911507363897,-37085.794474742615,0.0,18542.915576940937
8.835000038146973,0.012292728082684334,-37028.48124706685,0.0,18514.246769901547
8.845000267028809,0.0,-36971.3153731774,0.0,18485.657686588696
8.855000019073486,0.012426853187207598,-36914.281308015,0.0,18457.146867438274
8.864999771118164,0.012494700960814953,-36857.42344496085,0.0,18428.71796983514
8.875,0.025126224565610755,-36800.71649174378,0.0,18400.370808992746
8.885000228881836,0.03789634510030737,-36744.16489697773,0.0,18372.101396674443
8.894999980926514,0.012701736195595004,-36687.80895371572,0.0,18343.910827730357
8.904999732971191,0.03831599824479781,-36631.56080341812,0.0,18315.79955972154
8.914999961853027,0.0,-36575.52740257627,0.0,18287.763701288135
8.925000190734863,0.012914498372992966,-36519.59334807211,0.0,18259.803131289806
8.934999942779541,0.025973452342441306,-36463.80490191151,0.0,18231.91543769118
8.944999694824219,0.013059629760391545,-36408.19171747624,0.0,18204.102388557687
8.954999923706055,0.013133184176695067,-36352.71051446531,0.0,18176.36182382949
8.96500015258789,0.0,-36297.38524411001,0.0,18148.692622055005
8.974999904632568,0.039846595027484,-36242.15041282314,0.0,18121.09512972369
8.984999656677246,0.0,-36187.13205934628,0.0,18093.56602967314
8.994999885559082,0.01343369236565195,-36132.20155769189,0.0,18066.107495697124
9.005000114440918,0.04053104758349946,-36077.39229491989,0.0,18038.716412998918
9.015000343322754,0.0,-36022.79053068252,0.0,18011.39526534126
9.025000095367432,0.04099683414096944,-35968.24398194811,0.0,17984.1424894067
9.03499984741211,0.01374425658286782,-35913.90499768557,0.0,17956.959370976336
9.045000076293945,0.04147088468016591,-35859.64476052981,0.0,17929.84311572323
9.055000305175781,0.0,-35805.5829433414,0.0,17902.7914716707
9.065000057220459,0.013984739525767509,-35751.59255625655,0.0,17875.80327050351
9.074999809265137,0.028133217914728448,-35697.73149611831,0.0,17848.879814679192
9.085000038146973,0.0,-35644.038330177995,0.0,17822.019165088997
9.095000267028809,0.0,-35590.43733028463,0.0,17795.218665142314
9.105000019073486,0.042954344462486915,-35536.906632512335,0.0,17768.474793445705
9.114999771118164,0.02880808988265926,-35483.54412824999,0.0,17741.78646818163
9.125,0.014491098299913574,-35430.29402507419,0.0,17715.154258092174
9.135000228881836,0.05831704913725844,-35377.08912570591,0.0,17688.573721401557
9.144999980926514,0.014668530013295822,-35324.0777194664,0.0,17662.0461940043
9.154999732971191,0.01475888163986383,-35271.12681711017,0.0,17635.57078800208
9.164999961853027,0.014850258230580948,-35218.270763055305,0.0,17609.14280666303
9.175000190734863,0.029885302799812052,-35165.5046379469,0.0,17582.767261637546
9.184999942779541,0.0,-35112.89210631451,0.0,17556.446053157255
9.194999694824219,0.06052065449330257,-35060.288234160944,0.0,17530.174377433832
9.204999923706055,0.0,-35007.90759301687,0.0,17503.953796508435
9.21500015258789,0.0,-34955.57978217524,0.0,17477.78989108762
9.224999904632568,0.0,-34903.36555406596,0.0,17451.68277703298
9.234999656677246,0.04654346306051593,-34851.215524177416,0.0,17425.63103384096
9.244999885559082,0.015612148097716272,-34799.26436233208,0.0,17399.63998724709
9.255000114440918,0.0,-34747.409917131714,0.0,17373.704958565857
9.265000343322754,0.03161798922519665,-34695.63442814989,0.0,17347.833023083967
9.275000095367432,0.047724418953293934,-34643.997793367285,0.0,17322.022758915035
9.28499984741211,0.0,-34592.54332345633,0.0,17296.271661728166
9.295000076293945,0.016107718300190754,-34541.15839401609,0.0,17270.587250874705
9.305000305175781,0.03241634265577886,-34489.902612996586,0.0,17244.967514684857
9.315000057220459,0.0,-34438.82215530302,0.0,17219.41107765151
9.324999809265137,0.016410409123636782,-34387.819657941836,0.0,17193.91803418331
9.335000038146973,0.0,-34336.9704043509,0.0,17168.48520217545
9.345000267028809,0.0,-34286.24042717724,0.0,17143.12021358862
9.355000019073486,0.0,-34235.638823593355,0.0,17117.819411796678
9.364999771118164,0.0,-34185.15984442897,0.0,17092.57992221449
9.375,0.0,-34134.80252033152,0.0,17067.40126016576
9.385000228881836,0.0,-34084.57248583845,0.0,17042.286242919225
9.394999980926514,0.03427235860726796,-34034.41482598895,0.0,17017.224549191036
9.404999732971191,0.06897216162178665,-33984.37643128261,0.0,16992.22270175711
9.414999961853027,0.0,-33934.54777889014,0.0,16967.27388944507
9.425000190734863,0.017460154980653897,-33884.74715378969,0.0,16942.382306981333
9.434999942779541,0.0,-33835.08050307151,0.0,16917.540251535756
9.444999694824219,0.05304747850459535,-33785.44412334941,0.0,16892.74858544172
9.454999923706055,0.0,-33735.99938253724,0.0,16867.99969126862
9.46500015258789,0.035821594567096327,-33686.55322667167,0.0,16843.294524152163
9.474999904632568,0.03605466472072294,-33637.21997773924,0.0,16818.628016221304
9.484999656677246,0.0,-33588.008312368496,0.0,16794.004156184248
9.494999885559082,0.018265540384163614,-33538.82179692048,0.0,16769.420031240377
9.505000114440918,0.0183871910412563,-33489.725122058386,0.0,16744.87175463481
9.515000343322754,0.055531568024889566,-33440.66839828335,0.0,16720.361964956424
9.525000095367432,0.07454179312480846,-33391.695713792746,0.0,16695.885127834532
9.53499984741211,0.01876200552942464,-33342.88424896905,0.0,16671.451505497847
9.545000076293945,0.056670273435884155,-33294.05903360916,0.0,16647.05785197345
9.555000305175781,0.019019633531570435,-33245.39578655639,0.0,16622.707403105847
9.565000057220459,0.0,-33196.80097829709,0.0,16598.400489148546
9.574999809265137,0.019282758941699285,-33148.255443317394,0.0,16574.137363049384
9.585000038146973,0.0,-33099.84895069455,0.0,16549.924475347274
9.595000267028809,0.019550876910216175,-33051.51305942258,0.0,16525.766305161305
9.605000019073486,0.01968668610061286,-33003.29192732952,0.0,16501.655807019553
9.614999771118164,0.0,-32955.20337466787,0.0,16477.601687333936
9.625,0.03992309431487229,-32907.16555439823,0.0,16453.60273877049
9.635000228881836,0.02010049232194433,-32859.29265593418,0.0,16429.656378225543
9.644999980926514,0.02024050162435742,-32811.52387658585,0.0,16405.772058556224
9.654999732971191,0.0,-32763.89318291646,0.0,16381.94659145823
9.664999961853027,0.0,-32716.35915769383,0.0,16358.179578846915
9.675000190734863,0.0413331544441462,-32668.903410290335,0.0,16334.472371748536
9.684999942779541,0.020810593487112783,-32621.618632169375,0.0,16310.819721394706
9.694999694824219,0.04191140122929937,-32574.420316531112,0.0,16287.231113993132
9.704999923706055,0.042203772005450446,-32527.36275166787,0.0,16263.70247774732
9.71500015258789,0.021249180703307502,-32480.444757597186,0.0,16240.233003402845
9.724999904632568,0.021397586049715756,-32433.61570916623,0.0,16216.818553390258
9.734999656677246,0.0,-32386.930420880606,0.0,16193.465210440303
9.744999885559082,0.04339635955693666,-32340.29766308708,0.0,16170.170529752433
9.755000114440918,0.04370094355545007,-32293.825470127766,0.0,16146.93458556523
9.765000343322754,0.022004151804139838,-32247.476007942183,0.0,16123.749006062008
9.775000095367432,0.04431883974393713,-32201.20190607818,0.0,16100.62311248946
9.78499984741211,0.0446326700548525,-32155.05470157575,0.0,16077.549667153879
9.795000076293945,0.02247501191595802,-32109.036329958213,0.0,16054.529402500795
9.805000305175781,0.0,-32063.11167284745,0.0,16031.555836423726
9.815000057220459,0.04559618213534122,-32017.222720949063,0.0,16008.634158598068
9.824999809265137,0.0,-31971.517661513713,0.0,15985.758830756857
9.835000038146973,0.0693889854446752,-31925.78614395715,0.0,15962.927766521567
9.845000267028809,0.023298809021071065,-31880.245131625674,0.0,15940.134215234375
9.855000019073486,0.0,-31834.764209680823,0.0,15917.382104840412
9.864999771118164,0.0,-31789.341178509305,0.0,15894.670589254652
9.875,0.023820647922548233,-31743.96646733082,0.0,15871.995144007245
9.885000228881836,0.023999334254767746,-31698.677790722435,0.0,15849.350895046518
9.894999980926514,0.024180396445444785,-31653.466950143807,0.0,15826.745565288598
9.904999732971191,0.0243636938103009,-31608.322223165655,0.0,15804.17329344851
9.914999961853027,0.024549128553189803,-31563.24768811253,0.0,15781.636118639635
9.925000190734863,0.04947307014663238,-31518.214413217916,0.0,15759.131943182858
9.934999942779541,0.07477764936629683,-31473.261892597948,0.0,15736.668335182878
9.944999694824219,0.025116995013377164,-31428.460505626477,0.0,15714.24281133082
9.954999923706055,0.025309757056675153,-31383.691096672337,0.0,15691.858203235106
9.96500015258789,0.025504026179987704,-31339.007076331134,0.0,15669.516290199412
9.974999904632568,0.0,-31294.44454630339,0.0,15647.222273151696
9.984999656677246,0.0,-31249.954645285627,0.0,15624.977322642813
